CONTENT_LENGTH,TCP_CONVERSATION_EXCHANGE,DIST_REMOTE_TCP_PORT,REMOTE_IPS,APP_BYTES,SOURCE_APP_PACKETS,REMOTE_APP_PACKETS,SOURCE_APP_BYTES,REMOTE_APP_BYTES,APP_PACKETS,DNS_QUERY_TIMES,Type
263,7,0,2,700,9,10,1153,832,9,2,1
15087,17,7,4,1230,17,19,1265,1230,17,0,0
324,0,0,0,0,0,0,0,0,0,0,0
162,31,22,3,3812,39,37,18784,4380,39,8,0
124140,57,2,5,4278,61,62,129889,4586,61,4,0
NA,11,6,9,894,11,13,838,894,11,0,0
345,12,0,3,1189,14,13,8559,1327,14,2,0
324,0,0,0,0,0,0,0,0,0,0,0
NA,0,0,0,0,2,3,213,146,2,2,1
NA,0,0,0,0,2,1,62,146,2,2,1
NA,0,0,0,0,0,0,0,0,0,0,0
324,0,0,0,0,0,0,0,0,0,0,0
13716,16,6,8,1492,20,20,2334,1784,20,4,0
3692,25,19,4,3946,35,29,16408,4746,35,10,0
13054,0,0,0,0,0,0,0,0,0,0,0
957,7,0,1,717,11,10,1960,1011,11,4,1
686,6,0,2,603,8,9,1580,745,8,2,1
324,7,7,3,618,7,9,562,618,7,0,0
15025,13,1,5,1099,15,17,15476,1243,15,2,0
324,9,0,4,850,11,9,1354,994,11,2,1
NA,39,29,6,3833,43,42,22495,4125,43,4,0
318,8,6,6,696,8,10,636,696,8,0,0
224,4,3,2,420,4,6,372,420,4,0,0
4421,12,0,2,2259,16,12,5165,2559,16,4,0
NA,6,0,3,650,10,10,1417,950,10,4,0
441,0,0,0,0,0,0,0,0,0,0,0
NA,0,0,0,0,0,0,0,0,0,0,0
6671,0,0,0,0,0,0,0,0,0,0,0
NA,16,3,11,1696,18,20,13422,1844,18,2,0
434,0,0,0,0,0,0,0,0,0,0,0
324,0,0,0,0,0,0,0,0,0,0,0
13001,0,0,0,0,0,0,0,0,0,0,0
3257,0,0,0,0,0,0,0,0,0,0,0
6748,7,4,5,630,7,4,244,630,7,0,0
NA,24,5,8,1740,24,11,696,1740,24,0,0
NA,19,7,6,2404,23,20,6179,2684,23,4,0
NA,19,14,6,1980,23,25,5737,2276,23,4,0
NA,4,0,1,519,8,8,1138,823,8,4,0
NA,10,0,5,1186,14,15,1900,1476,14,4,0
NA,43,4,4,5738,47,50,56926,6046,47,4,0
240,8,0,2,723,10,11,1837,871,10,2,0
3985,40,17,16,3285,46,45,12003,3729,46,6,0
324,0,0,0,0,0,0,0,0,0,0,0
6173,2,0,1,132,2,5,318,132,2,0,1
319,7,0,2,720,9,10,1269,868,9,2,1
NA,84,54,5,10490,96,106,106925,11482,96,12,0
34,65,3,5,6286,69,75,90508,6596,69,4,0
NA,14,6,6,1907,18,18,5601,2171,18,4,0
1778,7,7,3,618,7,9,562,618,7,0,0
NA,6,3,2,528,6,4,244,528,6,0,0
324,6,4,4,564,6,8,508,564,6,0,0
224,19,2,4,2131,23,23,9471,2441,23,4,0
NA,12,2,7,984,16,16,1839,1292,16,4,0
318,21,1,8,1606,25,13,1276,1914,25,4,0
NA,16,6,8,2279,22,22,2562,2729,22,6,0
345,19,5,9,1390,21,25,3890,1540,21,2,0
756,23,3,15,2485,27,28,9332,2799,27,4,0
NA,0,0,0,0,0,0,0,0,0,0,0
NA,0,0,0,0,0,0,0,0,0,0,0
14839,0,0,0,0,0,0,0,0,0,0,0
324,5,2,4,474,5,4,250,474,5,0,0
NA,6,5,2,564,6,7,442,564,6,0,0
NA,12,0,5,1327,16,17,14050,1615,16,4,0
658,11,3,4,1232,15,16,9806,1530,15,4,0
NA,18,7,9,1586,22,17,1735,1898,22,4,0
NA,36,17,9,4737,42,35,10343,5173,42,6,0
195,0,0,0,0,0,0,0,0,0,0,0
324,0,0,0,0,0,0,0,0,0,0,0
NA,0,0,0,0,0,0,0,0,0,0,0
NA,12,0,2,1052,14,14,11935,1204,14,2,1
NA,9,1,2,878,11,12,2242,1018,11,2,1
4166,24,0,3,2508,30,30,21098,2992,30,6,1
962,9,0,4,842,11,12,2101,994,11,2,1
962,7,0,2,722,11,10,2000,1016,11,4,1
962,7,0,2,722,11,9,1913,1036,11,4,1
2688,0,0,0,0,0,0,0,0,0,0,0
NA,0,0,0,0,0,0,0,0,0,0,0
NA,0,0,0,0,0,0,0,0,0,0,0
199,0,0,0,0,0,0,0,0,0,0,0
3548,13,0,1,1378,19,19,6226,1856,19,6,0
NA,26,19,5,2727,30,19,5765,2991,30,4,0
0,43,39,3,6325,53,50,32025,7063,53,10,0
5426,9,7,4,702,9,10,696,702,9,0,0
NA,11,9,7,882,11,9,562,882,11,0,0
NA,4,3,2,396,4,6,482,396,4,0,0
345,43,0,2,3252,47,47,60076,3564,47,4,0
NA,46,12,11,3783,50,18,5605,4047,50,4,0
NA,21,8,9,2373,25,27,6199,2637,25,4,0
NA,7,0,2,984,11,12,1650,1300,11,4,0
NA,0,0,0,0,0,0,0,0,0,0,0
324,0,0,0,0,0,0,0,0,0,0,0
NA,0,0,0,0,0,0,0,0,0,0,0
NA,0,0,0,0,0,0,0,0,0,0,0
NA,0,0,0,0,0,0,0,0,0,0,0
8756,38,0,3,4207,44,45,39662,4679,44,6,1
193,9,0,1,1838,11,13,4524,1992,11,2,1
NA,0,0,0,0,0,0,0,0,0,0,0
324,0,0,0,0,0,0,0,0,0,0,0
NA,3,3,1,366,3,5,306,366,3,0,0
NA,40,13,14,3781,46,44,34101,4253,46,6,0
7967,6,0,4,631,8,11,812,787,8,2,0
11506,0,0,0,0,0,0,0,0,0,0,0
NA,5,0,1,592,7,9,1062,732,7,2,1
324,5,0,2,556,9,9,1154,860,9,4,1
39036,0,0,0,0,0,0,0,0,0,0,0
NA,0,0,0,0,0,0,0,0,0,0,0
NA,0,0,0,0,0,0,0,0,0,0,0
NA,0,0,0,0,0,0,0,0,0,0,0
NA,6,4,3,552,6,8,612,552,6,0,0
NA,8,4,6,696,8,10,634,696,8,0,0
324,5,3,3,474,5,6,364,474,5,0,0
8578,21,7,5,2830,29,25,6137,3400,29,8,0
10576,14,9,2,2094,14,12,8019,2094,14,0,0
324,17,1,7,1848,23,24,2167,2322,23,6,0
12846,17,12,3,2314,23,27,21419,2740,23,6,0
6666,66,5,11,6311,70,64,63634,6633,70,4,0
445,28,5,8,2324,30,33,24662,2482,30,2,0
NA,6,0,3,632,8,8,593,776,8,2,0
324,33,26,4,3590,39,48,30057,4064,39,6,0
NA,0,0,0,0,0,0,0,0,0,0,0
NA,26,19,3,2632,30,36,27404,2916,30,4,0
18438,0,0,0,0,0,0,0,0,0,0,0
7314,34,0,2,2934,40,40,34995,3416,40,6,1
324,5,0,2,593,7,8,1128,751,7,2,1
NA,0,0,0,0,0,0,0,0,0,0,0
0,0,0,0,0,0,0,0,0,0,0,0
9136,0,0,0,0,0,0,0,0,0,0,0
5019,0,0,0,0,0,0,0,0,0,0,0
NA,0,0,0,0,0,0,0,0,0,0,0
210,0,0,0,0,0,0,0,0,0,0,0
8654,0,0,0,0,0,0,0,0,0,0,0
238,0,0,0,0,0,0,0,0,0,0,0
26856,26,6,5,2519,30,30,22379,2851,30,4,0
324,12,8,6,900,12,9,568,900,12,0,0
NA,709,708,3,2362906,709,837,83056,2362906,709,0,0
10210,5,4,2,486,5,7,542,486,5,0,0
13684,15,8,7,1134,15,9,605,1134,15,0,0
324,3,3,1,366,3,5,306,366,3,0,0
770,5,3,3,486,5,7,436,486,5,0,0
6813,17,9,10,1249,17,15,1062,1249,17,0,0
324,34,9,6,2861,38,26,15260,3229,38,4,0
34,10,2,9,612,12,14,918,772,12,2,0
NA,32,21,8,4561,38,36,10429,4997,38,6,0
20404,33,6,5,3533,37,35,46688,3859,37,4,0
NA,28,0,5,3183,36,33,24455,3777,36,8,0
7159,21,6,11,1515,23,18,1334,1675,23,2,0
NA,24,1,3,2195,29,30,55576,2515,29,4,0
388,0,0,0,0,0,0,0,0,0,0,0
199,0,0,0,0,0,0,0,0,0,0,0
324,0,0,0,0,0,0,0,0,0,0,0
NA,0,0,0,0,0,0,0,0,0,0,0
NA,0,0,0,0,0,0,0,0,0,0,0
177,7,0,2,666,9,9,1094,826,9,2,1
NA,0,0,0,0,0,0,0,0,0,0,0
199,0,0,0,0,0,0,0,0,0,0,0
NA,14,9,3,1918,18,17,5546,2182,18,4,0
NA,62,52,12,8974,76,69,30726,10006,76,14,0
NA,22,17,2,3914,28,27,9833,4350,28,6,0
NA,18,17,5,1188,18,19,1451,1188,18,0,0
NA,6,4,4,552,6,9,564,552,6,0,0
14703,2,2,1,276,2,4,250,276,2,0,0
8751,15,2,6,1528,19,17,5586,1860,19,4,0
324,90,6,14,8646,92,100,95659,8808,92,2,0
NA,31,26,2,4412,37,37,27412,4848,37,6,0
NA,31,23,3,3605,39,41,34388,4183,39,8,0
NA,76,47,12,9007,88,44,23985,9891,88,12,0
350,23,1,10,1902,27,26,2764,2194,27,4,0
NA,48,3,6,3418,52,48,57377,3706,52,4,0
NA,0,0,0,0,0,0,0,0,0,0,0
NA,0,0,0,0,0,0,0,0,0,0,0
NA,0,0,0,0,0,0,0,0,0,0,0
324,7,0,2,707,11,11,1018,1031,11,4,1
604,0,0,0,0,0,0,0,0,0,0,0
287,0,0,0,0,0,0,0,0,0,0,0
NA,0,0,0,0,0,0,0,0,0,0,0
65815,0,0,0,0,0,0,0,0,0,0,0
NA,65,53,14,8568,77,70,26049,9452,77,12,0
NA,9,3,7,738,9,12,766,738,9,0,0
4075,4,3,2,432,4,6,372,432,4,0,0
287,5,0,1,593,9,9,955,929,9,4,0
NA,28,13,13,2773,32,32,6566,3037,32,4,0
5132,27,0,3,2743,33,33,43878,3181,33,6,0
324,23,1,4,2262,29,28,16553,2736,29,6,0
324,18,14,3,2201,22,23,7756,2543,22,4,0
NA,23,17,3,3981,29,27,9867,4417,29,6,0
324,103,0,3,7073,105,113,179439,7217,105,2,0
NA,13,8,8,1355,16,16,1145,1519,16,2,0
NA,57,45,12,8136,69,64,25686,9020,69,12,0
22004,0,0,0,0,0,0,0,0,0,0,0
NA,0,0,0,0,0,0,0,0,0,0,0
345,0,0,0,0,0,0,0,0,0,0,0
643,22,1,5,2783,30,26,3824,3367,30,8,1
637,14,1,4,1457,20,16,3229,1881,20,6,1
NA,0,0,0,0,0,0,0,0,0,0,0
34,0,0,0,0,0,0,0,0,0,0,0
NA,0,0,0,0,0,0,0,0,0,0,0
420762,17,5,8,1314,19,26,1881,1452,19,2,0
1399,0,0,0,0,0,0,0,0,0,0,0
NA,0,0,0,0,0,0,0,0,0,0,0
NA,0,0,0,0,0,0,0,0,0,0,0
NA,14,10,2,2000,20,20,9588,2498,20,6,0
NA,49,42,5,7613,61,52,24774,8497,61,12,0
NA,24,0,4,2176,28,29,17335,2456,28,4,0
NA,4,3,2,432,4,5,310,432,4,0,0
328,5,3,2,474,5,7,426,474,5,0,0
NA,94,0,4,11902,102,121,173484,12492,102,8,0
324,11,10,6,798,11,15,1124,798,11,0,0
199,6,3,4,564,6,7,442,564,6,0,0
334,8,1,4,816,10,13,1541,958,10,2,0
287,71,0,3,10999,73,70,88707,11147,73,2,0
20212,43,26,14,4214,49,28,9246,4650,49,6,0
NA,36,0,2,3185,40,40,50608,3465,40,4,0
NA,24,2,4,1888,28,25,40314,2168,28,4,0
NA,7,0,3,734,11,12,7145,1060,11,4,0
11827,38,2,5,4607,42,35,58676,4945,42,4,0
1108,13,0,2,2065,17,16,7280,2349,17,4,0
324,0,0,0,0,0,0,0,0,0,0,0
646,13,1,5,1497,17,14,2116,1787,17,4,1
637,23,1,5,2851,31,26,3814,3431,31,8,1
640,18,1,5,2147,24,20,2848,2577,24,6,1
643,4,0,4,264,4,6,388,264,4,0,1
NA,14,1,8,1151,18,15,1211,1445,18,4,1
NA,8,0,2,1045,12,11,1362,1333,12,4,1
NA,0,0,0,0,0,0,0,0,0,0,0
NA,0,0,0,0,0,0,0,0,0,0,0
NA,0,0,0,0,0,0,0,0,0,0,0
NA,0,0,0,0,0,0,0,0,0,0,0
NA,0,0,0,0,0,0,0,0,0,0,0
19890,0,0,0,0,0,0,0,0,0,0,0
NA,0,0,0,0,0,0,0,0,0,0,0
18302,0,0,0,0,0,0,0,0,0,0,0
318,0,0,0,0,0,0,0,0,0,0,0
NA,52,7,8,3438,56,51,46498,3718,56,4,0
NA,4,3,2,420,4,5,304,420,4,0,0
NA,7,5,4,606,7,6,474,606,7,0,0
NA,32,11,6,3694,40,32,11543,4286,40,8,0
60722,4,2,3,408,4,6,382,408,4,0,0
NA,8,4,5,660,8,9,556,660,8,0,0
NA,5,4,2,486,5,7,542,486,5,0,0
NA,10,4,4,816,10,6,476,816,10,0,0
39,24,1,4,3375,28,30,18396,3703,28,4,0
1371,19,0,3,2042,27,27,4760,2622,27,8,0
NA,105,98,7,8692,111,130,179133,9172,111,6,0
NA,0,0,0,0,0,0,0,0,0,0,0
655,27,5,8,2721,35,27,3896,3313,35,8,1
649,15,1,5,1632,21,18,2661,2068,21,6,1
NA,26,0,3,3569,32,31,10750,4037,32,6,1
214,9,0,4,850,11,14,1382,990,11,2,1
18298,0,0,0,0,0,0,0,0,0,0,0
324,0,0,0,0,0,0,0,0,0,0,0
1819,0,0,0,0,0,0,0,0,0,0,0
1819,33,27,2,5235,41,40,14571,5835,41,8,0
NA,0,0,0,0,0,0,0,0,0,0,0
NA,0,0,0,0,0,0,0,0,0,0,0
NA,0,0,0,0,0,0,0,0,0,0,0
NA,0,0,0,0,0,0,0,0,0,0,0
6474,6,3,4,552,6,9,564,552,6,0,0
NA,8,6,5,696,8,10,636,696,8,0,0
NA,34,9,9,2412,34,7,442,2412,34,0,0
NA,3,3,1,366,3,5,306,366,3,0,0
1486,5,3,2,498,5,5,306,498,5,0,0
10892,3,3,1,366,3,4,244,366,3,0,0
NA,4,3,2,432,4,5,310,432,4,0,0
7255,17,1,2,1661,23,26,10015,2167,23,6,0
6608,42,0,3,4895,46,45,39544,5241,46,4,0
NA,34,25,9,3787,42,42,33677,4365,42,8,0
111,21,0,5,2292,23,24,16147,2450,23,2,0
NA,24,20,2,4372,31,33,13095,4808,31,6,0
996,7,0,2,716,11,10,1979,1030,11,4,0
1501,23,3,11,2042,29,29,7939,2520,29,6,0
NA,0,0,0,0,0,0,0,0,0,0,0
NA,0,0,0,0,0,0,0,0,0,0,0
324,0,0,0,0,0,0,0,0,0,0,0
7314,39,0,3,3240,45,45,35301,3722,45,6,1
7314,39,0,2,3240,45,45,35301,3722,45,6,1
NA,18,0,2,2102,20,21,20976,2252,20,2,1
652,15,1,5,1635,21,17,2640,2073,21,6,1
652,21,1,5,2367,29,26,3801,2957,29,8,1
646,12,1,5,1340,16,12,964,1622,16,4,1
652,19,1,5,2223,25,20,2868,2661,25,6,1
652,18,1,5,2157,24,22,2996,2595,24,6,1
652,19,1,5,2223,25,22,2996,2661,25,6,1
652,23,1,5,2864,31,25,3773,3454,31,8,1
NA,15,1,2,1850,21,23,2970,2302,21,6,1
NA,0,0,0,0,0,0,0,0,0,0,0
4685,0,0,0,0,0,0,0,0,0,0,0
NA,0,0,0,0,0,0,0,0,0,0,0
324,22,15,8,1527,24,25,1928,1699,24,2,0
NA,21,1,4,2435,25,25,39924,2715,25,4,0
324,49,10,6,2961,53,61,38255,3261,53,4,0
39362,4,3,2,420,4,4,244,420,4,0,0
NA,3,3,1,366,3,4,244,366,3,0,0
NA,4,3,2,432,4,6,372,432,4,0,0
NA,10,9,4,756,10,12,861,756,10,0,0
14462,8,6,6,696,8,5,306,696,8,0,0
NA,4,4,2,432,4,6,372,432,4,0,0
NA,21,12,12,1446,21,24,1788,1446,21,0,0
289,5,4,3,474,5,6,364,474,5,0,0
324,23,8,5,3087,29,27,19078,3535,29,6,0
38115,45,3,7,3507,49,46,42286,3857,49,4,0
NA,37,0,3,3263,43,42,52720,3697,43,6,0
NA,12,2,6,1258,16,17,1862,1542,16,4,0
NA,44,40,6,6945,56,51,26115,7849,56,12,0
8813,41,6,4,4769,45,42,69898,5119,45,4,0
1002,32,5,8,2965,36,39,37146,3279,36,4,0
16875,0,0,0,0,0,0,0,0,0,0,0
NA,27,1,5,2771,31,33,36261,3051,31,4,0
330,16,9,8,1275,18,23,2306,1423,18,2,0
NA,0,0,0,0,0,0,0,0,0,0,0
1002,0,0,0,0,0,0,0,0,0,0,0
655,208,18,9,20074,228,216,270752,21646,228,20,1
655,7,1,5,466,11,10,822,760,11,4,1
655,17,1,7,1770,23,17,2579,2210,23,6,1
646,11,1,4,1266,15,12,966,1554,15,4,1
655,21,1,5,2359,29,23,3542,2951,29,8,1
655,19,1,5,2227,27,23,3612,2819,27,8,1
NA,6,0,4,372,8,10,703,520,8,2,1
10133,0,0,0,0,0,0,0,0,0,0,0
324,0,0,0,0,0,0,0,0,0,0,0
NA,0,0,0,0,0,0,0,0,0,0,0
1108,0,0,0,0,0,0,0,0,0,0,0
324,0,0,0,0,0,0,0,0,0,0,0
NA,0,0,0,0,0,0,0,0,0,0,0
NA,18,2,8,1432,20,27,2113,1572,20,2,0
NA,14,10,6,1096,16,19,1294,1246,16,2,0
NA,3,3,1,366,3,4,244,366,3,0,0
NA,2,2,1,276,2,3,184,276,2,0,0
NA,5,3,3,498,5,7,438,498,5,0,0
NA,5,3,2,474,5,5,306,474,5,0,0
NA,18,2,6,1706,22,19,2165,1994,22,4,0
19879,61,7,6,6100,65,79,123896,6388,65,4,0
NA,85,73,9,7506,91,96,107416,7962,91,6,0
324,8,0,2,784,10,11,16959,958,10,2,0
NA,22,8,4,2680,28,19,7746,3172,28,6,0
210,3,0,1,466,5,6,668,640,5,2,0
3326,14,7,5,1060,16,18,5214,1234,16,2,0
293,12,0,4,1331,16,13,4860,1631,16,4,0
231,7,0,2,730,9,11,1284,870,9,2,0
11418,17,0,4,2319,21,21,14373,2615,21,4,0
NA,0,0,0,0,0,0,0,0,0,0,0
NA,0,0,0,0,0,0,0,0,0,0,0
11692,0,0,0,0,0,0,0,0,0,0,0
NA,49,0,1,3505,51,53,66214,3657,51,2,1
296,2,0,2,128,4,5,407,276,4,2,1
162,1,0,1,66,3,4,404,206,3,2,1
NA,44,2,10,5009,50,50,40316,5511,50,6,1
NA,12,0,2,1961,16,14,2991,2245,16,4,1
188,19,0,6,1525,21,13,1363,1667,21,2,1
NA,0,0,0,0,0,0,0,0,0,0,0
6062,0,0,0,0,0,0,0,0,0,0,0
219,0,0,0,0,0,0,0,0,0,0,0
1002,0,0,0,0,0,0,0,0,0,0,0
14109,0,0,0,0,0,0,0,0,0,0,0
324,0,0,0,0,0,0,0,0,0,0,0
NA,0,0,0,0,0,0,0,0,0,0,0
NA,0,0,0,0,0,0,0,0,0,0,0
8022,23,5,8,1674,23,11,696,1674,23,0,0
32441,11,10,7,834,11,14,882,834,11,0,0
7891,6,5,2,540,6,8,535,540,6,0,0
NA,4,2,2,408,4,5,328,408,4,0,0
1840,8,5,5,648,8,11,739,648,8,0,0
12768,6,4,3,540,6,6,474,540,6,0,0
NA,4,0,3,268,6,6,557,444,6,2,0
NA,31,7,12,2531,37,35,14050,3005,37,6,0
NA,27,23,1,3355,33,35,31623,3781,33,6,0
NA,44,0,4,3767,48,48,129181,4079,48,4,0
4297,16,1,6,1607,22,18,1690,2055,22,6,0
NA,15,6,7,1283,17,15,2201,1425,17,2,0
NA,21,0,4,1643,23,31,21144,1797,23,2,0
135444,68,6,7,5207,70,88,247488,5345,70,2,0
616,18,5,10,2248,26,28,3605,2890,26,8,0
6944,0,0,0,0,0,0,0,0,0,0,0
1819,0,0,0,0,0,0,0,0,0,0,0
7783,0,0,0,0,0,0,0,0,0,0,0
337,14,4,6,888,14,5,316,888,14,0,1
661,22,1,5,2813,30,27,3916,3409,30,8,1
2516,15,0,2,2342,21,15,7249,2806,21,6,1
2516,19,1,3,2594,25,25,7997,3058,25,6,1
215,7,0,2,734,9,9,1097,880,9,2,1
4397,0,0,0,0,0,0,0,0,0,0,0
1819,0,0,0,0,0,0,0,0,0,0,0
NA,18,0,1,1458,20,20,19623,1616,20,2,0
NA,0,0,0,0,0,0,0,0,0,0,0
39740,0,0,0,0,0,0,0,0,0,0,0
68067,19,0,3,1851,23,23,15551,2143,23,4,0
40299,0,0,0,0,0,0,0,0,0,0,0
NA,0,0,0,0,0,0,0,0,0,0,0
NA,0,0,0,0,0,0,0,0,0,0,0
NA,0,0,0,0,0,0,0,0,0,0,0
345,0,0,0,0,0,0,0,0,0,0,0
324,0,0,0,0,0,0,0,0,0,0,0
3916,0,0,0,0,0,0,0,0,0,0,0
1819,39,25,11,5509,47,45,25776,6115,47,8,0
34,7,7,3,618,7,9,562,618,7,0,0
NA,13,13,9,1002,13,16,1012,1002,13,0,0
1172,4,3,2,432,4,4,244,432,4,0,0
324,6,6,3,540,6,8,539,540,6,0,0
NA,3,2,2,330,3,5,306,330,3,0,0
24087,8,0,3,786,12,9,968,1106,12,4,0
618,46,17,7,5306,54,42,39325,5906,54,8,0
6746,35,8,14,3072,41,31,9718,3506,41,6,0
324,23,7,7,1967,29,24,6542,2417,29,6,0
324,13,7,7,1068,15,13,1006,1216,15,2,0
9555,23,5,9,2823,27,21,15940,3153,27,4,0
NA,58,40,3,8165,66,77,54909,8787,66,8,0
1840,23,12,8,3099,27,28,7395,3439,27,4,0
4929,16,0,5,1927,20,20,8052,2219,20,4,0
12400,16,0,3,1879,22,20,8768,2307,22,6,0
42952,35,30,2,4047,41,53,54041,4497,41,6,0
NA,20,0,3,1578,24,24,20606,1890,24,4,0
NA,42,20,4,4268,50,40,40666,4998,50,8,0
NA,288,279,10,20749,294,431,1058608,21187,294,6,0
NA,0,0,0,0,0,0,0,0,0,0,0
7868,44,0,4,5064,50,42,35677,5586,50,6,0
220,0,0,0,0,0,0,0,0,0,0,0
7797,0,0,0,0,0,0,0,0,0,0,0
NA,0,0,0,0,0,0,0,0,0,0,0
637,4,0,4,264,4,6,388,264,4,0,1
640,11,1,4,1266,15,12,960,1548,15,4,1
640,26,5,8,2329,32,25,4850,2759,32,6,1
661,20,0,6,2328,26,26,3285,2772,26,6,1
2516,20,0,2,2976,26,23,7783,3440,26,6,1
216,8,0,1,809,12,11,1321,1101,12,4,1
NA,0,0,0,0,0,0,0,0,0,0,0
256306,0,0,0,0,0,0,0,0,0,0,0
NA,0,0,0,0,0,0,0,0,0,0,0
NA,0,0,0,0,0,0,0,0,0,0,0
NA,0,0,0,0,0,0,0,0,0,0,0
NA,0,0,0,0,0,0,0,0,0,0,0
NA,0,0,0,0,0,0,0,0,0,0,0
NA,0,0,0,0,0,0,0,0,0,0,0
404,0,0,0,0,0,0,0,0,0,0,0
NA,0,0,0,0,0,0,0,0,0,0,0
NA,0,0,0,0,0,0,0,0,0,0,0
NA,0,0,0,0,0,0,0,0,0,0,0
7472,0,0,0,0,0,0,0,0,0,0,0
3063,0,0,0,0,0,0,0,0,0,0,0
NA,0,0,0,0,0,0,0,0,0,0,0
NA,30,26,1,3521,36,37,33021,3947,36,6,0
NA,0,0,0,0,0,0,0,0,0,0,0
12985,0,0,0,0,0,0,0,0,0,0,0
NA,0,0,0,0,0,0,0,0,0,0,0
9352,0,0,0,0,0,0,0,0,0,0,0
NA,0,0,0,0,0,0,0,0,0,0,0
NA,0,0,0,0,0,0,0,0,0,0,0
NA,61,52,4,7271,71,68,60586,8017,71,10,0
NA,0,0,0,0,0,0,0,0,0,0,0
NA,0,0,0,0,0,0,0,0,0,0,0
NA,8,0,2,1059,12,11,1506,1361,12,4,0
NA,16,7,3,2241,22,20,6701,2683,22,6,0
NA,64,48,8,6413,72,68,58285,7005,72,8,0
NA,2,2,1,276,2,4,244,276,2,0,0
NA,16,6,4,1224,16,4,244,1224,16,0,0
NA,34,24,7,5528,34,22,7472,5528,34,0,0
NA,6,2,3,492,6,3,184,492,6,0,0
NA,5,3,2,498,5,7,438,498,5,0,0
9050,22,9,9,1560,22,18,1334,1560,22,0,0
NA,22,9,10,1524,22,11,702,1524,22,0,0
NA,2,2,1,276,2,4,246,276,2,0,0
620,3,3,1,366,3,5,306,366,3,0,0
NA,18,7,11,1308,18,16,1030,1308,18,0,0
889,10,4,5,816,10,7,436,816,10,0,0
1502,8,4,6,684,8,12,762,684,8,0,0
NA,4,3,2,420,4,5,310,420,4,0,0
NA,3,3,1,366,3,4,244,366,3,0,0
NA,12,5,5,912,12,4,244,912,12,0,0
340,11,5,5,894,11,10,634,894,11,0,0
NA,9,8,6,714,9,11,788,714,9,0,0
NA,25,11,4,3771,33,32,11756,4385,33,8,0
1002,10,2,7,927,14,20,2926,1241,14,4,0
NA,23,6,10,2679,29,26,7080,3121,29,6,0
NA,28,6,13,2721,30,29,15626,2879,30,2,0
NA,63,54,5,6884,73,70,57005,7630,73,10,0
431,9,0,1,865,11,12,19264,1045,11,2,0
1500,40,11,12,6028,46,46,20061,6502,46,6,0
NA,44,36,6,5129,52,68,59068,5721,52,8,0
1819,38,33,1,6419,48,47,29141,7171,48,10,0
NA,71,67,7,7582,79,73,82537,8282,79,8,0
324,12,6,9,1063,14,16,1287,1213,14,2,0
NA,24,13,8,2750,30,32,9290,3190,30,6,0
NA,23,17,8,1970,27,26,2183,2262,27,4,0
NA,69,60,5,8450,81,80,68036,9350,81,12,0
NA,64,56,5,7076,74,71,63630,7822,74,10,0
8507,13,3,7,1313,17,18,1612,1605,17,4,0
NA,62,50,5,6269,70,65,54988,6861,70,8,0
NA,57,49,5,5951,65,64,56509,6543,65,8,0
121211,35,0,2,3234,38,38,129083,3384,38,2,0
NA,60,51,4,6503,69,66,58109,7095,69,8,0
NA,0,0,0,0,0,0,0,0,0,0,0
NA,0,0,0,0,0,0,0,0,0,0,0
NA,0,0,0,0,0,0,0,0,0,0,0
NA,0,0,0,0,0,0,0,0,0,0,0
NA,0,0,0,0,0,0,0,0,0,0,0
NA,66,56,7,8252,78,77,61807,9152,78,12,0
NA,0,0,0,0,0,0,0,0,0,0,0
58,0,0,0,0,0,0,0,0,0,0,0
1007,0,0,0,0,0,0,0,0,0,0,0
NA,0,0,0,0,0,0,0,0,0,0,0
NA,0,0,0,0,0,0,0,0,0,0,0
NA,0,0,0,0,0,0,0,0,0,0,0
NA,0,0,0,0,0,0,0,0,0,0,0
NA,0,0,0,0,0,0,0,0,0,0,0
NA,0,0,0,0,0,0,0,0,0,0,0
637,12,1,5,1340,16,12,964,1622,16,4,1
640,12,1,4,1325,18,14,2091,1749,18,6,1
643,11,1,4,1266,15,12,960,1548,15,4,1
667,21,1,5,2383,29,25,3786,2983,29,8,1
667,19,1,5,2243,25,22,3021,2691,25,6,1
3016,11,0,2,1285,17,18,2462,1741,17,6,1
2516,19,0,2,2610,25,22,7715,3074,25,6,1
NA,0,0,0,0,0,0,0,0,0,0,0
NA,0,0,0,0,0,0,0,0,0,0,0
7283,0,0,0,0,0,0,0,0,0,0,0
12513,0,0,0,0,0,0,0,0,0,0,0
13183,0,0,0,0,0,0,0,0,0,0,0
6222,0,0,0,0,0,0,0,0,0,0,0
7942,8,0,2,1016,12,14,1612,1324,12,4,0
NA,0,0,0,0,0,0,0,0,0,0,0
NA,0,0,0,0,0,0,0,0,0,0,0
NA,0,0,0,0,0,0,0,0,0,0,0
NA,0,0,0,0,0,0,0,0,0,0,0
3013,0,0,0,0,0,0,0,0,0,0,0
NA,0,0,0,0,0,0,0,0,0,0,0
4692,7,4,3,630,7,5,310,630,7,0,0
9433,3,3,1,366,3,5,306,366,3,0,0
NA,14,12,5,1092,14,4,244,1092,14,0,0
324,3,3,1,366,3,5,306,366,3,0,0
11590,156,17,12,23383,162,206,295213,23877,162,6,0
230,5,3,3,486,5,4,244,486,5,0,0
NA,12,4,8,924,12,10,642,924,12,0,0
618,24,6,4,1784,26,27,23886,1950,26,2,0
NA,17,3,9,1394,19,20,12358,1546,19,2,0
NA,16,11,2,2272,20,26,16035,2576,20,4,0
622,8,1,3,1088,14,13,2036,1524,14,6,0
NA,21,0,2,2021,23,25,26799,2165,23,2,0
324,22,0,2,1724,24,26,38477,1886,24,2,0
NA,76,9,7,8268,84,88,117625,8898,84,8,0
1108,15,10,4,1166,19,19,1626,1538,19,4,0
NA,26,1,3,4229,30,36,32381,4517,30,4,0
63279,56,4,8,4551,60,59,67881,4843,60,4,0
15240,8,4,1,1325,12,12,2833,1637,12,4,0
65993,24,0,9,2112,28,29,16019,2404,28,4,0
1819,48,41,9,6057,56,54,15706,6657,56,8,0
NA,16,5,5,1615,20,23,25358,1931,20,4,0
15363,20,5,9,2948,24,27,5557,3248,24,4,0
411,14,1,3,1981,20,19,6759,2497,20,6,0
38119,38,1,3,2995,44,37,41717,3531,44,6,0
NA,0,0,0,0,0,0,0,0,0,0,0
NA,0,0,0,0,0,0,0,0,0,0,0
6498,0,0,0,0,0,0,0,0,0,0,0
622,0,0,0,0,0,0,0,0,0,0,0
643,9,0,3,1142,13,12,1991,1430,13,4,1
670,15,1,5,1653,21,19,2798,2103,21,6,1
2516,24,0,2,4034,30,26,12486,4498,30,6,1
27103,22,0,3,2316,26,28,31378,2640,26,4,1
218,7,0,1,737,11,10,1162,1047,11,4,1
318,8,0,2,1089,14,13,1977,1601,14,6,0
NA,0,0,0,0,0,0,0,0,0,0,0
65473,0,0,0,0,0,0,0,0,0,0,0
NA,0,0,0,0,0,0,0,0,0,0,0
324,0,0,0,0,0,0,0,0,0,0,0
NA,0,0,0,0,0,0,0,0,0,0,0
NA,0,0,0,0,0,2,124,0,0,0,0
NA,3,3,1,366,3,4,244,366,3,0,0
NA,7,5,5,630,7,7,442,630,7,0,0
7065,5,3,3,576,6,8,522,576,6,0,0
10588,20,0,2,1895,22,24,13792,2055,22,2,0
NA,8,0,1,1078,12,12,1532,1390,12,4,0
NA,34,27,3,4891,42,37,37001,5499,42,8,0
281,18,0,3,1868,22,23,18348,2202,22,4,0
324,10,3,5,1202,14,16,1335,1500,14,4,0
NA,34,11,4,3699,40,38,27522,4153,40,6,0
NA,26,0,8,2657,30,35,34427,2991,30,4,0
13,8,3,8,552,8,5,420,552,8,0,0
NA,40,12,6,3079,44,53,38924,3359,44,4,0
NA,1,0,1,54,1,2,124,54,1,0,0
NA,10,1,4,1198,16,16,2763,1616,16,6,0
NA,101,41,5,10813,110,101,142735,11423,110,8,0
9817,0,0,0,0,0,0,0,0,0,0,0
NA,0,0,0,0,0,0,0,0,0,0,0
NA,0,0,0,0,0,0,0,0,0,0,0
646,7,1,5,466,11,10,822,760,11,4,1
673,18,1,4,2185,24,21,2969,2637,24,6,1
673,18,1,5,2185,24,21,2969,2637,24,6,1
NA,15,0,3,2124,17,20,12884,2270,17,2,1
2516,24,0,2,4035,30,25,12416,4499,30,6,1
2516,25,0,2,4101,31,28,12614,4565,31,6,1
2516,23,0,2,3969,29,24,12354,4433,29,6,1
2516,25,0,2,4101,31,28,12614,4565,31,6,1
895,15,0,6,1980,19,17,5911,2334,19,4,1
NA,51,11,7,4601,57,55,45279,5103,57,6,0
NA,0,0,0,0,0,0,0,0,0,0,0
NA,0,0,0,0,0,0,0,0,0,0,0
NA,0,0,0,0,0,0,0,0,0,0,0
7289,0,0,0,0,0,0,0,0,0,0,0
4974,0,0,0,0,0,0,0,0,0,0,0
NA,0,0,0,0,0,0,0,0,0,0,0
4691,0,0,0,0,0,0,0,0,0,0,0
NA,0,0,0,0,0,0,0,0,0,0,0
NA,0,0,0,0,0,0,0,0,0,0,0
1819,0,0,0,0,0,0,0,0,0,0,0
1505,0,0,0,0,0,0,0,0,0,0,0
7509,7,0,2,985,13,12,1496,1433,13,6,0
5127,4,3,2,432,4,5,310,432,4,0,0
NA,6,4,4,528,6,8,612,528,6,0,0
NA,6,5,2,540,6,7,473,540,6,0,0
NA,5,3,3,498,5,6,376,498,5,0,0
324,8,8,3,636,8,6,364,636,8,0,0
NA,33,0,5,2706,37,35,41737,2982,37,4,0
2766,33,4,9,3088,41,34,12104,3720,41,8,0
NA,28,20,2,2780,32,36,27390,3064,32,4,0
NA,15,6,10,950,17,18,1327,1110,17,2,0
NA,19,15,3,2864,23,26,10465,3168,23,4,0
10561,15,4,4,1540,19,21,25529,1844,19,4,0
8769,5,0,3,334,7,6,412,474,7,2,0
12608,71,9,13,7856,77,68,82332,8384,77,6,0
324,29,14,15,2767,33,27,3550,3073,33,4,0
94,14,0,3,1102,16,8,1015,1248,16,2,0
NA,0,0,0,0,0,0,0,0,0,0,0
324,0,0,0,0,0,0,0,0,0,0,0
NA,22,15,2,2432,26,32,27169,2716,26,4,0
NA,0,0,0,0,0,0,0,0,0,0,0
497,0,0,0,0,0,0,0,0,0,0,0
NA,0,0,0,0,0,0,0,0,0,0,0
646,11,1,4,1266,15,12,966,1554,15,4,1
673,18,1,5,2188,24,22,3031,2640,24,6,1
2516,23,0,2,3970,29,27,12548,4434,29,6,1
NA,10,0,5,925,12,12,1399,1079,12,2,1
NA,8,0,1,1045,10,9,2806,1209,10,2,1
7550,11,0,1,883,13,13,8893,1037,13,2,1
NA,0,0,0,0,0,2,124,0,0,0,1
324,0,0,0,0,0,0,0,0,0,0,0
NA,0,0,0,0,0,0,0,0,0,0,0
NA,0,0,0,0,0,0,0,0,0,0,0
NA,0,0,0,0,0,0,0,0,0,0,0
236,16,0,1,1151,18,19,24455,1305,18,2,0
NA,0,0,0,0,0,0,0,0,0,0,0
NA,0,0,0,0,0,0,0,0,0,0,0
NA,15,6,5,1528,21,21,3023,1988,21,6,0
NA,15,3,4,1110,15,4,244,1110,15,0,0
NA,29,10,11,2022,29,12,803,2022,29,0,0
324,39,9,5,4044,43,39,44173,4420,43,4,0
13089,4,3,2,408,4,7,448,408,4,0,0
19724,4,3,2,420,4,6,366,420,4,0,0
NA,9,5,6,750,9,8,502,750,9,0,0
NA,33,1,4,2756,37,37,41938,3032,37,4,0
389,83,2,3,6008,87,107,147266,6312,87,4,0
NA,84,13,6,7403,86,71,117282,7549,86,2,0
6744,22,3,8,2267,28,31,9811,2701,28,6,0
5653,8,0,3,803,12,12,2190,1097,12,4,0
324,25,2,6,2444,31,17,1984,2874,31,6,0
NA,20,4,7,1511,22,21,14430,1663,22,2,0
NA,23,15,9,2479,27,24,6085,2743,27,4,0
324,17,7,3,2715,23,20,20139,3187,23,6,0
497,45,3,7,4178,51,50,44810,4646,51,6,0
20592,64,5,13,6081,69,71,63457,6463,69,4,0
NA,0,0,0,0,0,0,0,0,0,0,0
NA,0,0,0,0,0,0,0,0,0,0,0
4816,0,0,0,0,0,0,0,0,0,0,0
2516,22,0,2,3444,28,24,9819,3908,28,6,1
8219,0,0,0,0,0,0,0,0,0,0,0
NA,0,0,0,0,0,0,0,0,0,0,0
334,0,0,0,0,0,0,0,0,0,0,0
634,0,0,0,0,0,0,0,0,0,0,0
NA,0,0,0,0,0,0,0,0,0,0,0
NA,0,0,0,0,0,0,0,0,0,0,0
324,0,0,0,0,0,0,0,0,0,0,0
NA,19,0,2,1809,23,23,26805,2125,23,4,0
NA,17,7,6,1242,17,13,962,1242,17,0,0
1511,6,4,3,640,6,8,606,640,6,0,0
1819,5,3,2,498,5,7,438,498,5,0,0
45958,6,6,3,540,6,8,539,540,6,0,0
NA,39,19,10,2742,39,5,306,2742,39,0,0
NA,14,7,12,1092,14,15,970,1092,14,0,0
11,40,6,5,4203,42,42,47931,4365,42,2,0
324,26,10,6,2512,32,33,7155,2982,32,6,0
NA,40,35,2,5987,48,48,38230,6595,48,8,0
NA,37,32,2,5805,45,41,40585,6413,45,8,0
44446,157,2,5,11053,159,176,284743,11211,159,2,0
338,9,0,2,870,11,12,5876,1020,11,2,0
345,12,4,3,972,14,16,15901,1118,14,2,0
674,15,0,6,1556,21,20,9023,1988,21,6,0
NA,29,16,7,2326,33,25,3623,2626,33,4,0
25825,71,1,6,5647,79,79,120385,6295,79,8,0
NA,23,6,9,1942,27,25,15275,2222,27,4,0
NA,6,0,1,672,8,8,1381,834,8,2,0
1501,53,21,8,7834,61,53,22947,8472,61,8,0
10198,17,12,4,2401,23,23,19291,2827,23,6,0
360,16,3,4,1480,20,23,10665,1776,20,4,0
16525,10,0,5,1197,14,15,1424,1503,14,4,0
NA,18,0,3,2274,22,21,31811,2554,22,4,0
6746,20,4,6,2097,24,23,9280,2381,24,4,0
NA,0,0,0,0,0,0,0,0,0,0,0
324,0,0,0,0,0,0,0,0,0,0,0
324,0,0,0,0,0,0,0,0,0,0,0
NA,4,0,2,531,6,6,494,681,6,2,1
326,7,0,2,1088,11,10,7650,1440,11,4,0
10273,0,0,0,0,0,0,0,0,0,0,0
6748,0,0,0,0,0,0,0,0,0,0,0
NA,0,0,0,0,0,0,0,0,0,0,0
1245,0,0,0,0,0,0,0,0,0,0,0
6264,0,0,0,0,0,0,0,0,0,0,0
1245,0,0,0,0,0,0,0,0,0,0,0
NA,0,0,0,0,0,0,0,0,0,0,0
185,0,0,0,0,0,0,0,0,0,0,0
4764,0,0,0,0,0,0,0,0,0,0,0
324,0,0,0,0,0,0,0,0,0,0,0
365,0,0,0,0,0,0,0,0,0,0,0
NA,0,0,0,0,0,0,0,0,0,0,0
3042,14,0,7,1201,18,17,4922,1495,18,4,0
41547,8,4,3,660,8,6,476,660,8,0,0
NA,10,9,8,780,10,12,805,780,10,0,0
39,4,0,2,541,6,7,579,689,6,2,0
44447,185,0,2,13834,187,263,488313,13992,187,2,0
NA,47,41,4,6464,55,53,39038,7072,55,8,0
226,44,0,2,4044,46,46,82259,4204,46,2,0
217,28,2,5,3409,30,19,18392,3565,30,2,0
12368,32,5,9,2595,36,34,15941,2881,36,4,0
NA,55,43,7,10205,69,56,38894,11305,69,14,0
4695,40,35,2,4590,46,54,84636,5046,46,6,0
636,46,22,8,5308,54,51,40052,5902,54,8,0
191,3,0,1,198,3,3,186,198,3,0,0
23771,19,0,2,1801,23,25,26643,2097,23,4,0
14947,19,0,3,1816,23,22,12138,2104,23,4,0
NA,70,3,8,5631,77,65,82281,6091,77,6,0
324,28,10,9,2683,36,33,11690,3307,36,8,0
NA,33,29,2,5852,42,39,37285,6460,42,8,0
NA,26,16,5,3891,34,35,37000,4567,34,8,0
NA,8,0,2,805,12,11,1087,1099,12,4,0
NA,15,0,2,2730,19,23,9605,3046,19,4,0
9194,9,0,5,1197,14,11,1532,1537,14,4,0
6560,0,0,0,0,0,0,0,0,0,0,0
NA,0,0,0,0,0,0,0,0,0,0,0
6746,0,0,0,0,0,0,0,0,0,0,0
NA,0,0,0,0,0,0,0,0,0,0,0
NA,0,0,0,0,0,0,0,0,0,0,0
649,11,0,3,1274,15,14,3132,1562,15,4,1
221,7,0,2,742,9,10,1263,890,9,2,1
NA,63,59,2,8062,75,76,82775,8950,75,12,0
NA,0,0,0,0,0,0,0,0,0,0,0
231,0,0,0,0,0,0,0,0,0,0,0
NA,0,0,0,0,0,0,0,0,0,0,0
11,0,0,0,0,0,0,0,0,0,0,0
4698,46,42,2,6883,54,54,38056,7491,54,8,0
2393,29,14,4,3416,35,35,17574,3858,35,6,0
NA,0,0,0,0,0,0,0,0,0,0,0
21,0,0,0,0,0,0,0,0,0,0,0
NA,0,0,0,0,0,0,0,0,0,0,0
NA,0,0,0,0,0,0,0,0,0,0,0
22479,7,6,4,606,7,8,496,606,7,0,0
344,5,3,3,498,5,8,504,498,5,0,0
NA,20,6,10,1392,20,12,766,1392,20,0,0
NA,7,4,3,582,7,8,596,582,7,0,0
NA,6,4,4,564,6,8,504,564,6,0,0
17810,50,40,5,5894,58,73,69918,6478,58,8,0
193,7,0,2,680,11,10,1363,1002,11,4,0
630,38,13,10,4509,48,52,35953,5267,48,10,0
NA,24,2,10,3146,28,30,4258,3442,28,4,0
7758,127,0,3,8942,131,144,233106,9242,131,4,0
2886,74,0,2,18084,78,96,113453,18384,78,4,0
1510,20,2,6,3089,24,24,7088,3391,24,4,0
NA,15,8,6,2218,19,18,5203,2546,19,4,0
1819,70,21,7,9463,80,80,133235,10217,80,10,0
NA,22,18,1,3331,28,27,62295,3739,28,6,0
1511,44,11,7,6306,50,38,22528,6780,50,6,0
66804,44,2,7,3516,48,36,33488,3808,48,4,0
1519,21,0,3,4103,25,30,16662,4405,25,4,0
235,12,0,3,1351,16,15,9692,1641,16,4,0
166,25,0,4,2115,29,30,17150,2479,29,4,0
NA,12,0,3,1716,16,17,11285,2012,16,4,0
8745,28,0,3,4364,30,22,22879,4498,30,2,0
NA,15,5,11,1244,17,23,1616,1384,17,2,0
NA,22,16,8,3094,26,27,7809,3414,26,4,0
333,125,0,1,8528,129,145,231799,8856,129,4,0
6984,33,1,5,3244,43,41,24696,4114,43,10,0
10303,197,0,3,13622,200,255,486769,13794,200,2,0
NA,38,26,12,4376,44,47,40918,4832,44,6,0
NA,0,0,0,0,0,0,0,0,0,0,0
784,0,0,0,0,0,0,0,0,0,0,0
NA,0,0,0,0,0,0,0,0,0,0,0
NA,26,11,7,3213,34,32,16931,3821,34,8,1
NA,0,0,0,0,0,0,0,0,0,0,0
NA,0,0,0,0,0,0,0,0,0,0,0
NA,0,0,0,0,0,0,0,0,0,0,0
7790,0,0,0,0,0,0,0,0,0,0,0
324,0,0,0,0,0,0,0,0,0,0,0
7362,0,0,0,0,0,0,0,0,0,0,0
NA,0,0,0,0,0,0,0,0,0,0,0
324,0,0,0,0,0,0,0,0,0,0,0
NA,0,0,0,0,0,0,0,0,0,0,0
423,0,0,0,0,0,0,0,0,0,0,0
6748,0,0,0,0,0,0,0,0,0,0,0
NA,32,28,3,4948,40,35,19634,5516,40,8,0
NA,31,3,5,3590,35,39,35687,3886,35,4,0
17647,9,7,5,750,9,10,744,750,9,0,0
NA,8,7,4,684,8,10,624,684,8,0,0
1148,11,3,7,810,11,12,730,810,11,0,0
NA,13,7,2,2133,13,11,17914,2133,13,0,0
NA,29,20,8,4167,33,33,3181,4499,33,4,0
NA,7,7,3,618,7,10,624,618,7,0,0
NA,17,7,10,1182,17,11,670,1182,17,0,0
NA,61,46,14,6679,69,68,59369,7271,69,8,0
NA,14,1,3,2133,20,18,3258,2609,20,6,0
NA,34,0,5,4084,42,37,36205,4684,42,8,0
NA,15,1,7,1552,21,20,2790,2000,21,6,0
NA,31,0,6,3312,35,38,36225,3612,35,4,0
479,31,7,8,3007,35,29,23628,3335,35,4,0
10804,4,2,4,296,6,9,778,442,6,2,0
NA,55,45,5,6240,63,64,69305,6824,63,8,0
14889,9,1,2,1180,13,15,1834,1484,13,4,0
9527,23,2,4,2112,29,31,13191,2530,29,6,0
NA,24,19,2,3538,30,33,22895,3994,30,6,0
NA,55,47,6,7049,65,64,110342,7819,65,10,0
NA,33,3,6,2457,35,36,68869,2617,35,2,0
NA,76,3,7,5283,78,100,268442,5451,78,2,0
NA,7,0,2,729,9,10,2045,871,9,2,0
6748,33,2,8,3759,39,27,11243,4193,39,6,0
44446,0,0,0,0,0,0,0,0,0,0,0
675,0,0,0,0,0,0,0,0,0,0,0
193,0,0,0,0,0,0,0,0,0,0,0
1819,0,0,0,0,0,0,0,0,0,0,0
345,17,5,10,1320,19,21,1967,1474,19,2,1
640,23,1,4,2912,31,25,3753,3494,31,8,1
2516,22,0,2,3448,28,24,9819,3912,28,6,1
2516,24,0,2,4041,30,25,12420,4505,30,6,1
NA,48,0,1,3450,50,51,66124,3602,50,2,1
324,0,0,0,0,0,0,0,0,0,0,0
67135,0,0,0,0,0,0,0,0,0,0,0
NA,0,0,0,0,0,0,0,0,0,0,0
NA,0,0,0,0,0,0,0,0,0,0,0
4699,0,0,0,0,0,0,0,0,0,0,0
NA,0,0,0,0,0,0,0,0,0,0,0
324,0,0,0,0,0,0,0,0,0,0,0
16333,0,0,0,0,0,0,0,0,0,0,0
1819,33,27,2,6235,41,40,16697,6835,41,8,0
NA,0,0,0,0,0,0,0,0,0,0,0
288,0,0,0,0,0,0,0,0,0,0,0
324,0,0,0,0,0,0,0,0,0,0,0
299,7,7,3,618,7,10,624,618,7,0,0
13913,10,3,3,1224,16,15,1814,1696,16,6,0
324,7,7,3,618,7,9,562,618,7,0,0
NA,5,3,2,498,5,8,508,498,5,0,0
39,25,4,8,2313,29,29,9531,2621,29,4,0
333,5,3,3,498,5,8,504,498,5,0,0
NA,8,7,6,684,8,11,696,684,8,0,0
1819,44,31,4,6925,52,43,17604,7525,52,8,0
6748,24,2,5,3179,30,29,11372,3613,30,6,0
38123,47,10,6,4576,55,52,49426,5282,55,8,0
NA,26,12,10,3878,30,33,8839,4198,30,4,0
1371,26,2,8,2873,34,37,5727,3453,34,8,0
58,24,6,12,2634,28,26,4384,2932,28,4,0
46579,113,0,3,7746,117,134,229040,8062,117,4,0
NA,0,0,0,0,0,0,0,0,0,0,0
324,0,0,0,0,0,0,0,0,0,0,0
NA,0,0,0,0,0,0,0,0,0,0,0
528,17,1,6,1661,23,19,2944,2123,23,6,1
2211,12,8,1,2037,16,16,6187,2355,16,4,1
NA,18,0,3,1643,22,25,14342,1935,22,4,1
4877,8,0,2,811,10,11,6062,961,10,2,1
NA,50,0,2,3571,52,55,66449,3723,52,2,1
NA,0,0,0,0,0,0,0,0,0,0,0
959,0,0,0,0,0,0,0,0,0,0,0
324,0,0,0,0,0,0,0,0,0,0,0
19361,0,0,0,0,0,0,0,0,0,0,0
1819,0,0,0,0,0,0,0,0,0,0,0
475,14,0,1,1205,16,18,16593,1383,16,2,0
783,0,0,0,0,0,0,0,0,0,0,0
1148,9,0,2,851,11,9,2135,1003,11,2,0
NA,25,6,11,1662,25,12,799,1662,25,0,0
NA,12,3,4,864,12,6,372,864,12,0,0
NA,15,6,8,1122,15,11,702,1122,15,0,0
506,22,19,7,1476,22,18,1344,1476,22,0,0
NA,18,15,2,2736,18,13,4846,2736,18,0,0
5005,3,3,1,366,3,5,306,366,3,0,0
NA,9,5,6,738,9,15,1064,738,9,0,0
2367,6,3,3,552,6,7,436,552,6,0,0
NA,5,4,2,486,5,6,480,486,5,0,0
NA,3,3,1,366,3,4,244,366,3,0,0
2119,2,2,1,276,2,3,184,276,2,0,0
128,5,4,3,474,5,8,490,474,5,0,0
NA,31,24,8,4739,37,37,18554,5195,37,6,0
162,19,6,9,1720,25,27,2880,2138,25,6,0
66441,14,1,3,1567,18,20,6818,1859,18,4,0
640,32,16,6,4464,40,39,39561,5064,40,8,0
44393,8,0,5,516,8,2,124,516,8,0,0
6881,26,0,7,2270,30,24,10000,2562,30,4,0
NA,51,46,3,5413,57,61,64860,5841,57,6,0
1505,43,11,15,5371,49,46,16215,5845,49,6,0
1368,0,0,0,0,0,2,124,0,0,0,0
NA,0,0,0,0,0,0,0,0,0,0,0
NA,0,0,0,0,0,0,0,0,0,0,0
NA,0,0,0,0,0,0,0,0,0,0,0
236,21,7,2,2681,27,26,21979,3159,27,6,0
101,0,0,0,0,0,0,0,0,0,0,0
NA,47,0,1,3386,51,53,66317,3696,51,4,1
640,20,1,4,2330,28,24,3609,2912,28,8,1
1108,7,0,2,746,9,11,2189,904,9,2,1
1819,0,0,0,0,0,0,0,0,0,0,0
43996,0,0,0,0,0,0,0,0,0,0,0
13076,0,0,0,0,0,0,0,0,0,0,0
6953,0,0,0,0,0,0,0,0,0,0,0
NA,64,49,12,7487,74,84,75625,8219,74,10,0
NA,5,3,3,498,5,6,372,498,5,0,0
3071,8,6,4,696,8,10,636,696,8,0,0
243,13,8,2,2382,17,20,7775,2682,17,4,0
NA,94,3,8,6904,98,103,197501,7208,98,4,0
1819,33,27,5,5203,41,44,13097,5803,41,8,0
NA,80,3,5,8291,88,93,135375,8889,88,8,0
324,25,1,6,2829,29,28,23089,3131,29,4,0
2797,35,0,4,2949,39,43,43296,3263,39,4,0
NA,17,0,5,1570,21,21,6049,1842,21,4,0
NA,34,25,9,3787,42,42,33677,4365,42,8,0
1189,22,4,12,1960,28,23,2807,2420,28,6,0
24971,7,0,2,995,11,12,1507,1287,11,4,0
413,10,0,4,926,14,13,1788,1266,14,4,0
5316,57,4,6,6820,59,61,79053,6966,59,2,0
435494,226,6,6,15162,228,284,383760,15314,228,2,0
NA,20,2,5,1849,26,22,26589,2279,26,6,0
324,0,0,0,0,0,0,0,0,0,0,0
1208,0,0,0,0,0,0,0,0,0,0,0
1149,0,0,0,0,0,0,0,0,0,0,0
NA,0,0,0,0,0,0,0,0,0,0,0
1970,0,0,0,0,0,0,0,0,0,0,0
324,0,0,0,0,0,0,0,0,0,0,0
324,0,0,0,0,0,0,0,0,0,0,0
NA,46,0,1,3321,48,49,66184,3473,48,2,1
NA,14,4,6,888,14,6,376,888,14,0,1
NA,0,0,0,0,0,0,0,0,0,0,0
324,0,0,0,0,0,0,0,0,0,0,0
NA,0,0,0,0,0,0,0,0,0,0,0
25866,0,0,0,0,0,0,0,0,0,0,0
6130,0,0,0,0,0,0,0,0,0,0,0
NA,0,0,0,0,0,0,0,0,0,0,0
231,7,1,2,769,9,10,1298,909,9,2,0
10333,7,3,2,582,7,5,306,582,7,0,0
9890,9,6,7,762,9,10,640,762,9,0,0
6748,17,8,6,1278,17,10,634,1278,17,0,0
1819,28,13,12,1872,28,19,1323,1872,28,0,0
162,4,2,3,396,4,3,184,396,4,0,0
324,5,3,2,498,5,4,244,498,5,0,0
324,22,6,8,1651,24,17,1388,1787,24,2,0
NA,39,3,8,3637,45,37,44294,4127,45,6,0
58090,2,0,1,132,2,2,124,132,2,0,0
NA,35,22,11,4677,41,33,14310,5093,41,6,0
NA,28,16,12,3227,32,31,12120,3507,32,4,0
15302,0,0,0,0,0,0,0,0,0,0,0
239,0,0,0,0,0,0,0,0,0,0,0
NA,0,0,0,0,0,0,0,0,0,0,0
57,0,0,0,0,0,0,0,0,0,0,0
557,0,0,0,0,0,0,0,0,0,0,0
NA,41,0,1,2992,43,44,65646,3144,43,2,1
13650,16,1,5,1609,22,20,2655,2119,22,6,1
NA,14,1,8,1151,18,15,1211,1445,18,4,1
NA,0,0,0,0,0,0,0,0,0,0,0
NA,0,0,0,0,0,0,0,0,0,0,0
17302,0,0,0,0,0,0,0,0,0,0,0
5315,0,0,0,0,0,0,0,0,0,0,0
1516,0,0,0,0,0,0,0,0,0,0,0
NA,0,0,0,0,0,0,0,0,0,0,0
NA,0,0,0,0,0,0,0,0,0,0,0
NA,0,0,0,0,0,0,0,0,0,0,0
3529,0,0,0,0,0,0,0,0,0,0,0
NA,0,0,0,0,0,0,0,0,0,0,0
8105,13,0,3,1428,17,11,1504,1712,17,4,0
1235,4,3,2,432,4,6,376,432,4,0,0
11,6,3,3,564,6,7,442,564,6,0,0
NA,5,3,3,486,5,7,436,486,5,0,0
9662,22,8,7,1628,26,25,14894,1944,26,4,0
44313,4,4,1,420,4,5,414,420,4,0,0
257,4,3,2,420,4,7,424,420,4,0,0
NA,3,3,1,366,3,4,244,366,3,0,0
NA,60,4,5,4466,62,63,95122,4602,62,2,0
NA,10,2,6,1197,14,17,1374,1503,14,4,0
17167,10,1,4,1257,14,15,1919,1555,14,4,0
NA,51,35,10,5314,57,62,51761,5742,57,6,0
NA,25,4,7,1682,29,30,25579,1986,29,4,0
NA,21,0,8,2221,25,26,3809,2513,25,4,0
0,19,0,4,1538,23,8,1121,1852,23,4,0
14863,16,2,3,1364,18,23,16978,1502,18,2,0
257,29,25,1,4765,37,34,17280,5381,37,8,0
5443,0,0,0,0,0,0,0,0,0,0,0
28239,51,1,10,4049,55,58,61312,4361,55,4,0
NA,0,0,0,0,0,0,0,0,0,0,0
NA,0,0,0,0,0,0,0,0,0,0,0
NA,0,0,0,0,0,0,0,0,0,0,0
9801,0,0,0,0,0,0,0,0,0,0,0
242,8,0,1,1156,10,10,2638,1316,10,2,1
NA,0,0,0,0,0,0,0,0,0,0,0
NA,0,0,0,0,0,0,0,0,0,0,0
11158,0,0,0,0,0,0,0,0,0,0,0
NA,0,0,0,0,0,0,0,0,0,0,0
NA,0,0,0,0,0,0,0,0,0,0,0
NA,0,0,0,0,0,0,0,0,0,0,0
22897,9,5,7,762,9,10,640,762,9,0,0
8466,26,8,11,1668,26,13,894,1668,26,0,0
NA,7,6,2,798,7,8,492,798,7,0,0
2023,12,3,3,960,12,16,1024,960,12,0,0
NA,12,6,7,1017,18,17,1563,1503,18,6,0
211,15,2,5,1944,21,21,2698,2416,21,6,0
